Ligand.Cellset,Receptor.Cellset,PreEffectiveScore,PreEffectiveNum,PreNonEffectiveScore,PreNonEffectiveNum,PreEffectiveVsNonEffectiveScoreRatio,PreEffectiveVsNonEffectiveNumRatio,PostEffectiveScore,PostEffectiveNum,PostNonEffectiveScore,PostNonEffectiveNum,EffectivePostVsPreScoreRatio,EffectivePostVsPreNumRatio,NonEffectivePostVsPreScoreRatio,NonEffectivePostVsPreNumRatio,ResVsNonResScoreRatio,ResVsNonResNumRatio
B_cells,B_cells,197.3990 ,8.0000 ,171.3230 ,8.0000 ,1.1522 ,1.0000 ,230.2980 ,10.0000 ,204.4520 ,8.0000 ,1.1667 ,1.2500 ,1.1934 ,1.0000 ,0.9776 ,1.2500 
B_cells,CAFs,288.8600 ,9.0000 ,242.8170 ,6.0000 ,1.1896 ,1.5000 ,240.0910 ,7.0000 ,301.3940 ,8.0000 ,0.8312 ,0.7778 ,1.2412 ,1.3333 ,0.6696 ,0.5833 
B_cells,CD4_T_cells,206.7360 ,8.0000 ,155.6110 ,7.0000 ,1.3285 ,1.1429 ,154.2680 ,6.0000 ,230.2120 ,16.0000 ,0.7462 ,0.7500 ,1.4794 ,2.2857 ,0.5044 ,0.3281 
B_cells,CD8_act_T_cells,109.3870 ,3.0000 ,168.1830 ,9.0000 ,0.6504 ,0.3333 ,171.0480 ,9.0000 ,231.9430 ,11.0000 ,1.5637 ,3.0000 ,1.3791 ,1.2222 ,1.1338 ,2.4545 
B_cells,CD8_ex_T_cells,192.2290 ,6.0000 ,230.8200 ,9.0000 ,0.8328 ,0.6667 ,158.2220 ,9.0000 ,320.9050 ,15.0000 ,0.8231 ,1.5000 ,1.3903 ,1.6667 ,0.5920 ,0.9000 
B_cells,CD8_mem_T_cells,190.1730 ,5.0000 ,155.6050 ,7.0000 ,1.2222 ,0.7143 ,156.5170 ,8.0000 ,208.7240 ,10.0000 ,0.8230 ,1.6000 ,1.3414 ,1.4286 ,0.6136 ,1.1200 
B_cells,DCs,313.5350 ,9.0000 ,284.5510 ,15.0000 ,1.1019 ,0.6000 ,275.3880 ,13.0000 ,349.7530 ,20.0000 ,0.8783 ,1.4444 ,1.2291 ,1.3333 ,0.7146 ,1.0833 
B_cells,Endothelial,287.2250 ,5.0000 ,248.6410 ,7.0000 ,1.1552 ,0.7143 ,234.8220 ,9.0000 ,315.1090 ,11.0000 ,0.8176 ,1.8000 ,1.2673 ,1.5714 ,0.6451 ,1.1455 
B_cells,Macrophages,305.7520 ,12.0000 ,254.3160 ,13.0000 ,1.2023 ,0.9231 ,251.0730 ,13.0000 ,348.1330 ,19.0000 ,0.8212 ,1.0833 ,1.3689 ,1.4615 ,0.5999 ,0.7412 
B_cells,Melanocytes,284.3620 ,5.0000 ,241.3260 ,7.0000 ,1.1783 ,0.7143 ,150.6030 ,5.0000 ,301.8570 ,10.0000 ,0.5296 ,1.0000 ,1.2508 ,1.4286 ,0.4234 ,0.7000 
B_cells,Myofibroblasts,282.9080 ,8.0000 ,241.1430 ,7.0000 ,1.1732 ,1.1429 ,224.6050 ,5.0000 ,306.1620 ,12.0000 ,0.7939 ,0.6250 ,1.2696 ,1.7143 ,0.6253 ,0.3646 
B_cells,NK_cells,204.3810 ,5.0000 ,192.1560 ,11.0000 ,1.0636 ,0.4545 ,180.1480 ,12.0000 ,227.4790 ,12.0000 ,0.8814 ,2.4000 ,1.1838 ,1.0909 ,0.7446 ,2.2000 
B_cells,Plasma_cells,200.8730 ,6.0000 ,168.6000 ,7.0000 ,1.1914 ,0.8571 ,154.2690 ,5.0000 ,199.7180 ,6.0000 ,0.7680 ,0.8333 ,1.1846 ,0.8571 ,0.6483 ,0.9722 
B_cells,Tcell_prolif,193.2980 ,7.0000 ,177.6710 ,11.0000 ,1.0880 ,0.6364 ,161.8830 ,12.0000 ,220.4810 ,17.0000 ,0.8375 ,1.7143 ,1.2410 ,1.5455 ,0.6749 ,1.1092 
B_cells,Tregs,196.9730 ,7.0000 ,157.5150 ,8.0000 ,1.2505 ,0.8750 ,154.8410 ,7.0000 ,218.8700 ,14.0000 ,0.7861 ,1.0000 ,1.3895 ,1.7500 ,0.5657 ,0.5714 
B_cells,Tumor_1,278.5120 ,3.0000 ,254.1010 ,6.0000 ,1.0961 ,0.5000 ,221.7230 ,5.0000 ,308.9200 ,7.0000 ,0.7961 ,1.6667 ,1.2157 ,1.1667 ,0.6548 ,1.4286 
B_cells,Tumor_2,294.3790 ,7.0000 ,251.0900 ,6.0000 ,1.1724 ,1.1667 ,241.3220 ,6.0000 ,322.4110 ,13.0000 ,0.8198 ,0.8571 ,1.2840 ,2.1667 ,0.6384 ,0.3956 
B_cells,pDCs,293.2420 ,11.0000 ,280.6960 ,17.0000 ,1.0447 ,0.6471 ,247.3180 ,13.0000 ,353.0440 ,22.0000 ,0.8434 ,1.1818 ,1.2577 ,1.2941 ,0.6706 ,0.9132 
CAFs,B_cells,37.4270 ,11.0000 ,29.7050 ,12.0000 ,1.2600 ,0.9167 ,44.1450 ,15.0000 ,54.5530 ,15.0000 ,1.1795 ,1.3636 ,1.8365 ,1.2500 ,0.6423 ,1.0909 
CAFs,CAFs,632.8460 ,74.0000 ,211.4520 ,55.0000 ,2.9929 ,1.3455 ,466.1100 ,90.0000 ,263.7380 ,55.0000 ,0.7365 ,1.2162 ,1.2473 ,1.0000 ,0.5905 ,1.2162 
CAFs,CD4_T_cells,39.4270 ,15.0000 ,37.5970 ,13.0000 ,1.0487 ,1.1538 ,37.2370 ,12.0000 ,55.4470 ,19.0000 ,0.9445 ,0.8000 ,1.4748 ,1.4615 ,0.6404 ,0.5474 
CAFs,CD8_act_T_cells,56.3760 ,16.0000 ,44.5480 ,13.0000 ,1.2655 ,1.2308 ,70.1140 ,19.0000 ,82.7510 ,23.0000 ,1.2437 ,1.1875 ,1.8576 ,1.7692 ,0.6695 ,0.6712 
CAFs,CD8_ex_T_cells,53.9080 ,18.0000 ,43.6690 ,17.0000 ,1.2345 ,1.0588 ,55.3010 ,20.0000 ,55.9830 ,21.0000 ,1.0258 ,1.1111 ,1.2820 ,1.2353 ,0.8002 ,0.8995 
CAFs,CD8_mem_T_cells,64.9860 ,20.0000 ,48.6750 ,19.0000 ,1.3351 ,1.0526 ,253.5610 ,44.0000 ,64.1990 ,20.0000 ,3.9018 ,2.2000 ,1.3189 ,1.0526 ,2.9583 ,2.0900 
CAFs,DCs,48.4460 ,18.0000 ,33.8070 ,18.0000 ,1.4330 ,1.0000 ,47.5660 ,17.0000 ,48.0330 ,18.0000 ,0.9818 ,0.9444 ,1.4208 ,1.0000 ,0.6910 ,0.9444 
CAFs,Endothelial,57.4350 ,23.0000 ,402.1030 ,76.0000 ,0.1428 ,0.3026 ,254.8260 ,54.0000 ,305.9400 ,58.0000 ,4.4368 ,2.3478 ,0.7608 ,0.7632 ,5.8313 ,3.0765 
CAFs,Macrophages,66.9070 ,31.0000 ,67.0220 ,27.0000 ,0.9983 ,1.1481 ,98.1390 ,34.0000 ,104.1330 ,31.0000 ,1.4668 ,1.0968 ,1.5537 ,1.1481 ,0.9441 ,0.9553 
CAFs,Melanocytes,36.9270 ,23.0000 ,35.5460 ,17.0000 ,1.0389 ,1.3529 ,54.3210 ,24.0000 ,53.3690 ,22.0000 ,1.4710 ,1.0435 ,1.5014 ,1.2941 ,0.9798 ,0.8063 
CAFs,Myofibroblasts,325.6530 ,42.0000 ,215.6490 ,53.0000 ,1.5101 ,0.7925 ,264.4180 ,46.0000 ,271.8740 ,48.0000 ,0.8120 ,1.0952 ,1.2607 ,0.9057 ,0.6440 ,1.2093 
CAFs,NK_cells,62.2030 ,17.0000 ,214.2470 ,46.0000 ,0.2903 ,0.3696 ,277.8700 ,57.0000 ,76.6710 ,23.0000 ,4.4671 ,3.3529 ,0.3579 ,0.5000 ,12.4829 ,6.7059 
CAFs,Plasma_cells,13.1520 ,7.0000 ,7.9190 ,3.0000 ,1.6608 ,2.3333 ,38.6280 ,13.0000 ,10.4060 ,4.0000 ,2.9370 ,1.8571 ,1.3141 ,1.3333 ,2.2351 ,1.3929 
CAFs,Tcell_prolif,346.2110 ,38.0000 ,45.1460 ,16.0000 ,7.6687 ,2.3750 ,55.5390 ,20.0000 ,59.2300 ,19.0000 ,0.1604 ,0.5263 ,1.3120 ,1.1875 ,0.1223 ,0.4432 
CAFs,Tregs,29.9170 ,9.0000 ,25.3780 ,9.0000 ,1.1789 ,1.0000 ,44.4150 ,16.0000 ,49.5650 ,19.0000 ,1.4846 ,1.7778 ,1.9531 ,2.1111 ,0.7601 ,0.8421 
CAFs,Tumor_1,64.4050 ,35.0000 ,36.0090 ,17.0000 ,1.7886 ,2.0588 ,253.7890 ,56.0000 ,260.2090 ,47.0000 ,3.9405 ,1.6000 ,7.2262 ,2.7647 ,0.5453 ,0.5787 
CAFs,Tumor_2,333.3430 ,41.0000 ,218.3160 ,45.0000 ,1.5269 ,0.9111 ,46.7170 ,19.0000 ,247.6330 ,45.0000 ,0.1401 ,0.4634 ,1.1343 ,1.0000 ,0.1236 ,0.4634 
CAFs,pDCs,56.4790 ,23.0000 ,40.2100 ,20.0000 ,1.4046 ,1.1500 ,64.7390 ,29.0000 ,47.8820 ,25.0000 ,1.1462 ,1.2609 ,1.1908 ,1.2500 ,0.9626 ,1.0087 
CD4_T_cells,B_cells,11.9270 ,3.0000 ,29.9800 ,4.0000 ,0.3978 ,0.7500 ,19.1910 ,5.0000 ,24.0440 ,10.0000 ,1.6090 ,1.6667 ,0.8020 ,2.5000 ,2.0063 ,0.6667 
CD4_T_cells,CAFs,8.4170 ,5.0000 ,33.9840 ,9.0000 ,0.2477 ,0.5556 ,9.4160 ,6.0000 ,16.2760 ,11.0000 ,1.1187 ,1.2000 ,0.4789 ,1.2222 ,2.3358 ,0.9818 
CD4_T_cells,CD4_T_cells,11.8070 ,4.0000 ,14.3840 ,5.0000 ,0.8208 ,0.8000 ,11.6460 ,3.0000 ,16.7550 ,7.0000 ,0.9864 ,0.7500 ,1.1648 ,1.4000 ,0.8468 ,0.5357 
CD4_T_cells,CD8_act_T_cells,8.7790 ,4.0000 ,10.0360 ,5.0000 ,0.8748 ,0.8000 ,14.2220 ,6.0000 ,17.9160 ,8.0000 ,1.6200 ,1.5000 ,1.7852 ,1.6000 ,0.9075 ,0.9375 
CD4_T_cells,CD8_ex_T_cells,15.4110 ,5.0000 ,18.7480 ,7.0000 ,0.8220 ,0.7143 ,20.0220 ,7.0000 ,19.5620 ,8.0000 ,1.2992 ,1.4000 ,1.0434 ,1.1429 ,1.2451 ,1.2250 
CD4_T_cells,CD8_mem_T_cells,14.1340 ,5.0000 ,19.1900 ,8.0000 ,0.7365 ,0.6250 ,17.2230 ,6.0000 ,18.3580 ,8.0000 ,1.2186 ,1.2000 ,0.9566 ,1.0000 ,1.2738 ,1.2000 
CD4_T_cells,DCs,25.7190 ,8.0000 ,64.8490 ,16.0000 ,0.3966 ,0.5000 ,41.9490 ,15.0000 ,56.2820 ,19.0000 ,1.6311 ,1.8750 ,0.8679 ,1.1875 ,1.8793 ,1.5789 
CD4_T_cells,Endothelial,19.2830 ,6.0000 ,41.3520 ,13.0000 ,0.4663 ,0.4615 ,15.8260 ,5.0000 ,33.0830 ,16.0000 ,0.8207 ,0.8333 ,0.8000 ,1.2308 ,1.0259 ,0.6771 
CD4_T_cells,Macrophages,39.3720 ,13.0000 ,37.6900 ,14.0000 ,1.0446 ,0.9286 ,36.6750 ,12.0000 ,48.9700 ,18.0000 ,0.9315 ,0.9231 ,1.2993 ,1.2857 ,0.7169 ,0.7179 
CD4_T_cells,Melanocytes,7.2680 ,3.0000 ,26.5020 ,5.0000 ,0.2742 ,0.6000 ,6.0760 ,3.0000 ,13.7320 ,9.0000 ,0.8360 ,1.0000 ,0.5181 ,1.8000 ,1.6134 ,0.5556 
CD4_T_cells,Myofibroblasts,5.2030 ,4.0000 ,28.2040 ,9.0000 ,0.1845 ,0.4444 ,10.3040 ,5.0000 ,5.9590 ,6.0000 ,1.9804 ,1.2500 ,0.2113 ,0.6667 ,9.3732 ,1.8750 
CD4_T_cells,NK_cells,25.7680 ,7.0000 ,46.8160 ,11.0000 ,0.5504 ,0.6364 ,29.7520 ,10.0000 ,25.5320 ,10.0000 ,1.1546 ,1.4286 ,0.5454 ,0.9091 ,2.1171 ,1.5714 
CD4_T_cells,Plasma_cells,6.3390 ,2.0000 ,19.6190 ,2.0000 ,0.3231 ,1.0000 ,12.6550 ,6.0000 ,1.4780 ,2.0000 ,1.9964 ,3.0000 ,0.0753 ,1.0000 ,26.4999 ,3.0000 
CD4_T_cells,Tcell_prolif,14.0480 ,6.0000 ,36.5770 ,11.0000 ,0.3841 ,0.5455 ,18.5430 ,9.0000 ,17.8070 ,10.0000 ,1.3200 ,1.5000 ,0.4868 ,0.9091 ,2.7113 ,1.6500 
CD4_T_cells,Tregs,12.6140 ,4.0000 ,15.1580 ,5.0000 ,0.8322 ,0.8000 ,14.8150 ,5.0000 ,16.6500 ,7.0000 ,1.1745 ,1.2500 ,1.0984 ,1.4000 ,1.0692 ,0.8929 
CD4_T_cells,Tumor_1,4.0850 ,3.0000 ,29.8200 ,5.0000 ,0.1370 ,0.6000 ,7.9290 ,5.0000 ,10.4160 ,6.0000 ,1.9410 ,1.6667 ,0.3493 ,1.2000 ,5.5569 ,1.3889 
CD4_T_cells,Tumor_2,5.0550 ,2.0000 ,36.5860 ,8.0000 ,0.1382 ,0.2500 ,16.9680 ,6.0000 ,15.5980 ,7.0000 ,3.3567 ,3.0000 ,0.4263 ,0.8750 ,7.8733 ,3.4286 
CD4_T_cells,pDCs,22.0730 ,11.0000 ,51.6720 ,12.0000 ,0.4272 ,0.9167 ,24.5110 ,10.0000 ,27.8880 ,13.0000 ,1.1105 ,0.9091 ,0.5397 ,1.0833 ,2.0575 ,0.8392 
CD8_act_T_cells,B_cells,22.0320 ,5.0000 ,28.4030 ,5.0000 ,0.7757 ,1.0000 ,53.9080 ,10.0000 ,64.7620 ,13.0000 ,2.4468 ,2.0000 ,2.2801 ,2.6000 ,1.0731 ,0.7692 
CD8_act_T_cells,CAFs,16.2180 ,8.0000 ,54.7790 ,8.0000 ,0.2961 ,1.0000 ,51.8640 ,11.0000 ,62.1960 ,11.0000 ,3.1979 ,1.3750 ,1.1354 ,1.3750 ,2.8166 ,1.0000 
CD8_act_T_cells,CD4_T_cells,18.6880 ,6.0000 ,38.2760 ,10.0000 ,0.4882 ,0.6000 ,30.3700 ,7.0000 ,40.5660 ,10.0000 ,1.6251 ,1.1667 ,1.0598 ,1.0000 ,1.5334 ,1.1667 
CD8_act_T_cells,CD8_act_T_cells,9.4160 ,5.0000 ,15.3510 ,6.0000 ,0.6134 ,0.8333 ,19.8600 ,7.0000 ,31.5320 ,8.0000 ,2.1092 ,1.4000 ,2.0541 ,1.3333 ,1.0268 ,1.0500 
CD8_act_T_cells,CD8_ex_T_cells,24.3320 ,8.0000 ,39.3650 ,11.0000 ,0.6181 ,0.7273 ,58.6250 ,12.0000 ,36.1370 ,10.0000 ,2.4094 ,1.5000 ,0.9180 ,0.9091 ,2.6246 ,1.6500 
CD8_act_T_cells,CD8_mem_T_cells,16.5080 ,9.0000 ,38.8140 ,11.0000 ,0.4253 ,0.8182 ,45.1600 ,11.0000 ,25.3520 ,9.0000 ,2.7356 ,1.2222 ,0.6532 ,0.8182 ,4.1883 ,1.4938 
CD8_act_T_cells,DCs,34.0330 ,11.0000 ,63.3130 ,13.0000 ,0.5375 ,0.8462 ,61.6200 ,19.0000 ,68.6220 ,25.0000 ,1.8106 ,1.7273 ,1.0839 ,1.9231 ,1.6705 ,0.8982 
CD8_act_T_cells,Endothelial,35.7290 ,8.0000 ,62.6470 ,12.0000 ,0.5703 ,0.6667 ,77.0360 ,14.0000 ,98.4770 ,14.0000 ,2.1561 ,1.7500 ,1.5719 ,1.1667 ,1.3716 ,1.5000 
CD8_act_T_cells,Macrophages,50.0400 ,16.0000 ,78.0110 ,17.0000 ,0.6414 ,0.9412 ,73.9120 ,16.0000 ,64.8990 ,21.0000 ,1.4771 ,1.0000 ,0.8319 ,1.2353 ,1.7755 ,0.8095 
CD8_act_T_cells,Melanocytes,9.8480 ,6.0000 ,58.1400 ,11.0000 ,0.1694 ,0.5455 ,61.4060 ,13.0000 ,65.8800 ,14.0000 ,6.2354 ,2.1667 ,1.1331 ,1.2727 ,5.5028 ,1.7024 
CD8_act_T_cells,Myofibroblasts,12.0920 ,6.0000 ,45.9710 ,11.0000 ,0.2630 ,0.5455 ,57.9320 ,10.0000 ,65.1570 ,12.0000 ,4.7909 ,1.6667 ,1.4174 ,1.0909 ,3.3802 ,1.5278 
CD8_act_T_cells,NK_cells,33.1210 ,9.0000 ,69.0070 ,14.0000 ,0.4800 ,0.6429 ,50.3430 ,12.0000 ,87.3060 ,12.0000 ,1.5200 ,1.3333 ,1.2652 ,0.8571 ,1.2014 ,1.5556 
CD8_act_T_cells,Plasma_cells,11.7210 ,3.0000 ,20.6560 ,3.0000 ,0.5674 ,1.0000 ,50.8750 ,9.0000 ,46.3840 ,6.0000 ,4.3405 ,3.0000 ,2.2455 ,2.0000 ,1.9329 ,1.5000 
CD8_act_T_cells,Tcell_prolif,47.4200 ,13.0000 ,103.7620 ,17.0000 ,0.4570 ,0.7647 ,96.9450 ,17.0000 ,121.8020 ,21.0000 ,2.0444 ,1.3077 ,1.1739 ,1.2353 ,1.7416 ,1.0586 
CD8_act_T_cells,Tregs,38.2890 ,10.0000 ,60.2080 ,11.0000 ,0.6359 ,0.9091 ,49.5450 ,10.0000 ,60.1230 ,14.0000 ,1.2940 ,1.0000 ,0.9986 ,1.2727 ,1.2958 ,0.7857 
CD8_act_T_cells,Tumor_1,18.7580 ,9.0000 ,49.5080 ,6.0000 ,0.3789 ,1.5000 ,64.2210 ,14.0000 ,65.1540 ,11.0000 ,3.4237 ,1.5556 ,1.3160 ,1.8333 ,2.6015 ,0.8485 
CD8_act_T_cells,Tumor_2,20.6760 ,7.0000 ,69.0180 ,12.0000 ,0.2996 ,0.5833 ,64.9450 ,12.0000 ,80.6420 ,15.0000 ,3.1411 ,1.7143 ,1.1684 ,1.2500 ,2.6883 ,1.3714 
CD8_act_T_cells,pDCs,27.6260 ,11.0000 ,56.7810 ,15.0000 ,0.4865 ,0.7333 ,61.9820 ,15.0000 ,80.6420 ,19.0000 ,2.2436 ,1.3636 ,1.4202 ,1.2667 ,1.5798 ,1.0766 
CD8_ex_T_cells,B_cells,46.6440 ,7.0000 ,52.6610 ,9.0000 ,0.8857 ,0.7778 ,84.8800 ,13.0000 ,77.5830 ,16.0000 ,1.8197 ,1.8571 ,1.4733 ,1.7778 ,1.2352 ,1.0446 
CD8_ex_T_cells,CAFs,58.0330 ,9.0000 ,49.4920 ,12.0000 ,1.1726 ,0.7500 ,56.2740 ,11.0000 ,47.8900 ,12.0000 ,0.9697 ,1.2222 ,0.9676 ,1.0000 ,1.0021 ,1.2222 
CD8_ex_T_cells,CD4_T_cells,20.4870 ,7.0000 ,18.1320 ,7.0000 ,1.1299 ,1.0000 ,21.7730 ,6.0000 ,32.9970 ,11.0000 ,1.0628 ,0.8571 ,1.8198 ,1.5714 ,0.5840 ,0.5455 
CD8_ex_T_cells,CD8_act_T_cells,14.0470 ,6.0000 ,10.8800 ,6.0000 ,1.2911 ,1.0000 ,8.5570 ,6.0000 ,39.2200 ,12.0000 ,0.6092 ,1.0000 ,3.6048 ,2.0000 ,0.1690 ,0.5000 
CD8_ex_T_cells,CD8_ex_T_cells,34.3820 ,9.0000 ,22.2310 ,10.0000 ,1.5466 ,0.9000 ,34.4270 ,10.0000 ,34.2790 ,11.0000 ,1.0013 ,1.1111 ,1.5419 ,1.1000 ,0.6494 ,1.0101 
CD8_ex_T_cells,CD8_mem_T_cells,33.1060 ,11.0000 ,21.9950 ,10.0000 ,1.5052 ,1.1000 ,20.4690 ,7.0000 ,26.7900 ,11.0000 ,0.6183 ,0.6364 ,1.2180 ,1.1000 ,0.5076 ,0.5785 
CD8_ex_T_cells,DCs,87.7570 ,20.0000 ,80.4970 ,20.0000 ,1.0902 ,1.0000 ,71.4840 ,22.0000 ,50.0390 ,22.0000 ,0.8146 ,1.1000 ,0.6216 ,1.1000 ,1.3104 ,1.0000 
CD8_ex_T_cells,Endothelial,79.7830 ,11.0000 ,61.6430 ,15.0000 ,1.2943 ,0.7333 ,63.6640 ,11.0000 ,82.3890 ,16.0000 ,0.7980 ,1.0000 ,1.3366 ,1.0667 ,0.5970 ,0.9375 
CD8_ex_T_cells,Macrophages,84.0480 ,18.0000 ,41.6450 ,17.0000 ,2.0182 ,1.0588 ,67.1390 ,15.0000 ,44.5620 ,20.0000 ,0.7988 ,0.8333 ,1.0700 ,1.1765 ,0.7465 ,0.7083 
CD8_ex_T_cells,Melanocytes,65.7770 ,12.0000 ,40.5850 ,8.0000 ,1.6207 ,1.5000 ,48.6290 ,8.0000 ,44.9480 ,11.0000 ,0.7393 ,0.6667 ,1.1075 ,1.3750 ,0.6675 ,0.4848 
CD8_ex_T_cells,Myofibroblasts,44.2500 ,6.0000 ,41.4630 ,11.0000 ,1.0672 ,0.5455 ,72.5170 ,10.0000 ,35.8950 ,8.0000 ,1.6388 ,1.6667 ,0.8657 ,0.7273 ,1.8930 ,2.2917 
CD8_ex_T_cells,NK_cells,33.1010 ,8.0000 ,72.8580 ,15.0000 ,0.4543 ,0.5333 ,39.9610 ,10.0000 ,64.8550 ,12.0000 ,1.2072 ,1.2500 ,0.8902 ,0.8000 ,1.3562 ,1.5625 
CD8_ex_T_cells,Plasma_cells,53.3420 ,9.0000 ,32.4760 ,4.0000 ,1.6425 ,2.2500 ,48.8930 ,9.0000 ,32.8660 ,5.0000 ,0.9166 ,1.0000 ,1.0120 ,1.2500 ,0.9057 ,0.8000 
CD8_ex_T_cells,Tcell_prolif,69.6660 ,13.0000 ,50.5410 ,13.0000 ,1.3784 ,1.0000 ,62.9400 ,12.0000 ,67.2750 ,17.0000 ,0.9035 ,0.9231 ,1.3311 ,1.3077 ,0.6787 ,0.7059 
CD8_ex_T_cells,Tregs,28.6620 ,7.0000 ,19.7110 ,8.0000 ,1.4541 ,0.8750 ,27.6400 ,9.0000 ,42.7670 ,13.0000 ,0.9643 ,1.2857 ,2.1697 ,1.6250 ,0.4445 ,0.7912 
CD8_ex_T_cells,Tumor_1,53.1600 ,8.0000 ,42.9140 ,7.0000 ,1.2388 ,1.1429 ,47.7160 ,9.0000 ,42.9130 ,10.0000 ,0.8976 ,1.1250 ,1.0000 ,1.4286 ,0.8976 ,0.7875 
CD8_ex_T_cells,Tumor_2,13.0820 ,4.0000 ,49.9960 ,10.0000 ,0.2617 ,0.4000 ,58.1950 ,10.0000 ,48.3530 ,10.0000 ,4.4485 ,2.5000 ,0.9671 ,1.0000 ,4.5996 ,2.5000 
CD8_ex_T_cells,pDCs,28.5330 ,13.0000 ,66.8320 ,16.0000 ,0.4269 ,0.8125 ,61.8560 ,13.0000 ,55.8510 ,15.0000 ,2.1679 ,1.0000 ,0.8357 ,0.9375 ,2.5941 ,1.0667 
CD8_mem_T_cells,B_cells,18.1950 ,4.0000 ,35.7100 ,8.0000 ,0.5095 ,0.5000 ,58.4370 ,8.0000 ,39.8070 ,8.0000 ,3.2117 ,2.0000 ,1.1147 ,1.0000 ,2.8812 ,2.0000 
CD8_mem_T_cells,CAFs,48.4420 ,6.0000 ,37.9790 ,10.0000 ,1.2755 ,0.6000 ,47.0860 ,6.0000 ,37.1920 ,10.0000 ,0.9720 ,1.0000 ,0.9793 ,1.0000 ,0.9926 ,1.0000 
CD8_mem_T_cells,CD4_T_cells,10.5870 ,2.0000 ,17.6880 ,5.0000 ,0.5985 ,0.4000 ,13.4460 ,3.0000 ,21.3740 ,6.0000 ,1.2700 ,1.5000 ,1.2084 ,1.2000 ,1.0510 ,1.2500 
CD8_mem_T_cells,CD8_act_T_cells,5.2990 ,2.0000 ,8.6840 ,5.0000 ,0.6102 ,0.4000 ,7.8950 ,4.0000 ,19.2390 ,7.0000 ,1.4899 ,2.0000 ,2.2155 ,1.4000 ,0.6725 ,1.4286 
CD8_mem_T_cells,CD8_ex_T_cells,16.6830 ,5.0000 ,21.0640 ,8.0000 ,0.7920 ,0.6250 ,26.2000 ,6.0000 ,21.1870 ,7.0000 ,1.5705 ,1.2000 ,1.0058 ,0.8750 ,1.5613 ,1.3714 
CD8_mem_T_cells,CD8_mem_T_cells,7.2400 ,3.0000 ,21.2230 ,8.0000 ,0.3411 ,0.3750 ,17.1470 ,5.0000 ,12.8610 ,7.0000 ,2.3684 ,1.6667 ,0.6060 ,0.8750 ,3.9082 ,1.9048 
CD8_mem_T_cells,DCs,66.5490 ,12.0000 ,70.1890 ,19.0000 ,0.9481 ,0.6316 ,41.1830 ,11.0000 ,39.6540 ,20.0000 ,0.6188 ,0.9167 ,0.5650 ,1.0526 ,1.0954 ,0.8708 
CD8_mem_T_cells,Endothelial,72.0630 ,10.0000 ,61.6390 ,12.0000 ,1.1691 ,0.8333 ,59.7390 ,8.0000 ,63.1270 ,13.0000 ,0.8290 ,0.8000 ,1.0241 ,1.0833 ,0.8094 ,0.7385 
CD8_mem_T_cells,Macrophages,92.7620 ,17.0000 ,62.2440 ,17.0000 ,1.4903 ,1.0000 ,71.4210 ,13.0000 ,53.2690 ,18.0000 ,0.7699 ,0.7647 ,0.8558 ,1.0588 ,0.8997 ,0.7222 
CD8_mem_T_cells,Melanocytes,46.1010 ,7.0000 ,35.7400 ,9.0000 ,1.2899 ,0.7778 ,38.9900 ,3.0000 ,34.9120 ,9.0000 ,0.8458 ,0.4286 ,0.9768 ,1.0000 ,0.8658 ,0.4286 
CD8_mem_T_cells,Myofibroblasts,43.9250 ,6.0000 ,36.5240 ,10.0000 ,1.2026 ,0.6000 ,52.1110 ,6.0000 ,32.0800 ,8.0000 ,1.1864 ,1.0000 ,0.8783 ,0.8000 ,1.3507 ,1.2500 
CD8_mem_T_cells,NK_cells,31.7420 ,8.0000 ,67.5050 ,14.0000 ,0.4702 ,0.5714 ,42.2510 ,8.0000 ,55.1480 ,12.0000 ,1.3311 ,1.0000 ,0.8169 ,0.8571 ,1.6293 ,1.1667 
CD8_mem_T_cells,Plasma_cells,39.4670 ,4.0000 ,28.3850 ,5.0000 ,1.3904 ,0.8000 ,40.4020 ,4.0000 ,25.7770 ,4.0000 ,1.0237 ,1.0000 ,0.9081 ,0.8000 ,1.1273 ,1.2500 
CD8_mem_T_cells,Tcell_prolif,57.7100 ,8.0000 ,46.4900 ,11.0000 ,1.2413 ,0.7273 ,60.6100 ,7.0000 ,60.5700 ,12.0000 ,1.0503 ,0.8750 ,1.3029 ,1.0909 ,0.8061 ,0.8021 
CD8_mem_T_cells,Tregs,13.0940 ,3.0000 ,18.8090 ,6.0000 ,0.6962 ,0.5000 ,15.1330 ,4.0000 ,26.1810 ,8.0000 ,1.1557 ,1.3333 ,1.3919 ,1.3333 ,0.8303 ,1.0000 
CD8_mem_T_cells,Tumor_1,51.9340 ,8.0000 ,34.4890 ,5.0000 ,1.5058 ,1.6000 ,57.2920 ,9.0000 ,36.9600 ,8.0000 ,1.1032 ,1.1250 ,1.0716 ,1.6000 ,1.0294 ,0.7031 
CD8_mem_T_cells,Tumor_2,9.5430 ,3.0000 ,43.7620 ,10.0000 ,0.2181 ,0.3000 ,53.3630 ,6.0000 ,43.4230 ,10.0000 ,5.5918 ,2.0000 ,0.9923 ,1.0000 ,5.6355 ,2.0000 
CD8_mem_T_cells,pDCs,24.7230 ,11.0000 ,51.1020 ,12.0000 ,0.4838 ,0.9167 ,57.6350 ,12.0000 ,48.2150 ,14.0000 ,2.3312 ,1.0909 ,0.9435 ,1.1667 ,2.4708 ,0.9351 
DCs,B_cells,300.4980 ,8.0000 ,211.4790 ,5.0000 ,1.4209 ,1.6000 ,349.7480 ,9.0000 ,239.1090 ,5.0000 ,1.1639 ,1.1250 ,1.1307 ,1.0000 ,1.0294 ,1.1250 
DCs,CAFs,467.0000 ,20.0000 ,380.5210 ,21.0000 ,1.2273 ,0.9524 ,417.8500 ,30.0000 ,405.5490 ,26.0000 ,0.8948 ,1.5000 ,1.0658 ,1.2381 ,0.8395 ,1.2115 
DCs,CD4_T_cells,356.1500 ,13.0000 ,262.9580 ,15.0000 ,1.3544 ,0.8667 ,253.1000 ,10.0000 ,304.5210 ,20.0000 ,0.7107 ,0.7692 ,1.1581 ,1.3333 ,0.6137 ,0.5769 
DCs,CD8_act_T_cells,183.2670 ,12.0000 ,241.0140 ,13.0000 ,0.7604 ,0.9231 ,272.2020 ,16.0000 ,272.0330 ,13.0000 ,1.4853 ,1.3333 ,1.1287 ,1.0000 ,1.3159 ,1.3333 
DCs,CD8_ex_T_cells,317.6410 ,13.0000 ,373.8290 ,21.0000 ,0.8497 ,0.6190 ,265.1810 ,17.0000 ,383.3880 ,19.0000 ,0.8348 ,1.3077 ,1.0256 ,0.9048 ,0.8140 ,1.4453 
DCs,CD8_mem_T_cells,304.0140 ,8.0000 ,267.3900 ,16.0000 ,1.1370 ,0.5000 ,249.1050 ,14.0000 ,256.2730 ,15.0000 ,0.8194 ,1.7500 ,0.9584 ,0.9375 ,0.8549 ,1.8667 
DCs,DCs,502.8680 ,14.0000 ,389.8810 ,20.0000 ,1.2898 ,0.7000 ,422.6400 ,17.0000 ,418.9410 ,17.0000 ,0.8405 ,1.2143 ,1.0745 ,0.8500 ,0.7822 ,1.4286 
DCs,Endothelial,450.5140 ,10.0000 ,352.7690 ,22.0000 ,1.2771 ,0.4545 ,372.2840 ,17.0000 ,391.3610 ,21.0000 ,0.8264 ,1.7000 ,1.1094 ,0.9545 ,0.7449 ,1.7810 
DCs,Macrophages,500.7360 ,20.0000 ,369.7500 ,22.0000 ,1.3543 ,0.9091 ,410.5820 ,24.0000 ,425.9210 ,21.0000 ,0.8200 ,1.2000 ,1.1519 ,0.9545 ,0.7118 ,1.2571 
DCs,Melanocytes,450.1020 ,11.0000 ,330.4070 ,13.0000 ,1.3623 ,0.8462 ,255.5910 ,16.0000 ,377.7460 ,18.0000 ,0.5679 ,1.4545 ,1.1433 ,1.3846 ,0.4967 ,1.0505 
DCs,Myofibroblasts,454.7110 ,15.0000 ,333.6490 ,17.0000 ,1.3628 ,0.8824 ,363.1760 ,11.0000 ,378.4120 ,19.0000 ,0.7987 ,0.7333 ,1.1342 ,1.1176 ,0.7042 ,0.6561 
DCs,NK_cells,320.0850 ,13.0000 ,239.9180 ,18.0000 ,1.3341 ,0.7222 ,270.2130 ,24.0000 ,264.8900 ,16.0000 ,0.8442 ,1.8462 ,1.1041 ,0.8889 ,0.7646 ,2.0769 
DCs,Plasma_cells,311.2080 ,6.0000 ,209.9230 ,5.0000 ,1.4825 ,1.2000 ,236.8110 ,7.0000 ,236.7880 ,5.0000 ,0.7609 ,1.1667 ,1.1280 ,1.0000 ,0.6746 ,1.1667 
DCs,Tcell_prolif,309.0390 ,16.0000 ,304.7380 ,20.0000 ,1.0141 ,0.8000 ,265.0990 ,20.0000 ,294.2790 ,20.0000 ,0.8578 ,1.2500 ,0.9657 ,1.0000 ,0.8883 ,1.2500 
DCs,Tregs,333.5250 ,12.0000 ,269.1370 ,16.0000 ,1.2392 ,0.7500 ,262.2150 ,15.0000 ,279.0580 ,20.0000 ,0.7862 ,1.2500 ,1.0369 ,1.2500 ,0.7582 ,1.0000 
DCs,Tumor_1,464.4060 ,14.0000 ,377.9570 ,11.0000 ,1.2287 ,1.2727 ,367.3660 ,16.0000 ,405.7690 ,13.0000 ,0.7910 ,1.1429 ,1.0736 ,1.1818 ,0.7368 ,0.9670 
DCs,Tumor_2,477.6900 ,10.0000 ,351.1810 ,18.0000 ,1.3602 ,0.5556 ,390.7360 ,14.0000 ,401.9710 ,16.0000 ,0.8180 ,1.4000 ,1.1446 ,0.8889 ,0.7146 ,1.5750 
DCs,pDCs,465.2030 ,17.0000 ,384.3370 ,22.0000 ,1.2104 ,0.7727 ,399.0690 ,21.0000 ,437.0960 ,25.0000 ,0.8578 ,1.2353 ,1.1373 ,1.1364 ,0.7543 ,1.0871 
Endothelial,B_cells,37.2720 ,9.0000 ,23.4680 ,10.0000 ,1.5882 ,0.9000 ,38.3140 ,16.0000 ,25.7330 ,13.0000 ,1.0280 ,1.7778 ,1.0965 ,1.3000 ,0.9375 ,1.3675 
Endothelial,CAFs,64.1910 ,35.0000 ,75.1230 ,31.0000 ,0.8545 ,1.1290 ,94.9860 ,51.0000 ,55.9280 ,35.0000 ,1.4797 ,1.4571 ,0.7445 ,1.1290 ,1.9876 ,1.2906 
Endothelial,CD4_T_cells,52.6490 ,16.0000 ,43.1690 ,20.0000 ,1.2196 ,0.8000 ,36.3170 ,12.0000 ,53.6250 ,21.0000 ,0.6898 ,0.7500 ,1.2422 ,1.0500 ,0.5553 ,0.7143 
Endothelial,CD8_act_T_cells,70.6400 ,16.0000 ,39.1610 ,15.0000 ,1.8038 ,1.0667 ,54.4930 ,15.0000 ,66.1470 ,20.0000 ,0.7714 ,0.9375 ,1.6891 ,1.3333 ,0.4567 ,0.7031 
Endothelial,CD8_ex_T_cells,69.8360 ,16.0000 ,48.7980 ,23.0000 ,1.4311 ,0.6957 ,52.1020 ,16.0000 ,70.0930 ,21.0000 ,0.7461 ,1.0000 ,1.4364 ,0.9130 ,0.5194 ,1.0952 
Endothelial,CD8_mem_T_cells,71.2740 ,18.0000 ,49.8260 ,19.0000 ,1.4305 ,0.9474 ,77.3660 ,23.0000 ,52.9730 ,18.0000 ,1.0855 ,1.2778 ,1.0632 ,0.9474 ,1.0210 ,1.3488 
Endothelial,DCs,38.9670 ,13.0000 ,46.4620 ,17.0000 ,0.8387 ,0.7647 ,35.2880 ,14.0000 ,53.4270 ,16.0000 ,0.9056 ,1.0769 ,1.1499 ,0.9412 ,0.7875 ,1.1442 
Endothelial,Endothelial,46.7630 ,15.0000 ,116.2890 ,44.0000 ,0.4021 ,0.3409 ,78.0340 ,36.0000 ,84.9740 ,35.0000 ,1.6687 ,2.4000 ,0.7307 ,0.7955 ,2.2837 ,3.0171 
Endothelial,Macrophages,50.2350 ,20.0000 ,47.3010 ,21.0000 ,1.0620 ,0.9524 ,62.5040 ,29.0000 ,74.4550 ,30.0000 ,1.2442 ,1.4500 ,1.5741 ,1.4286 ,0.7905 ,1.0150 
Endothelial,Melanocytes,65.8600 ,19.0000 ,27.5120 ,16.0000 ,2.3939 ,1.1875 ,44.3010 ,20.0000 ,37.7910 ,24.0000 ,0.6727 ,1.0526 ,1.3736 ,1.5000 ,0.4897 ,0.7018 
Endothelial,Myofibroblasts,53.7890 ,26.0000 ,68.2260 ,38.0000 ,0.7884 ,0.6842 ,66.1900 ,30.0000 ,74.6450 ,35.0000 ,1.2305 ,1.1538 ,1.0941 ,0.9211 ,1.1247 ,1.2527 
Endothelial,NK_cells,71.8160 ,17.0000 ,100.7120 ,31.0000 ,0.7131 ,0.5484 ,125.0530 ,35.0000 ,86.7340 ,24.0000 ,1.7413 ,2.0588 ,0.8612 ,0.7742 ,2.0219 ,2.6593 
Endothelial,Plasma_cells,45.6290 ,10.0000 ,14.5170 ,8.0000 ,3.1431 ,1.2500 ,42.9300 ,17.0000 ,23.5870 ,7.0000 ,0.9408 ,1.7000 ,1.6248 ,0.8750 ,0.5791 ,1.9429 
Endothelial,Tcell_prolif,73.4340 ,23.0000 ,36.1990 ,22.0000 ,2.0286 ,1.0455 ,54.2490 ,24.0000 ,58.6380 ,25.0000 ,0.7387 ,1.0435 ,1.6199 ,1.1364 ,0.4560 ,0.9183 
Endothelial,Tregs,49.5990 ,11.0000 ,41.1840 ,15.0000 ,1.2043 ,0.7333 ,45.9830 ,17.0000 ,51.8180 ,19.0000 ,0.9271 ,1.5455 ,1.2582 ,1.2667 ,0.7368 ,1.2201 
Endothelial,Tumor_1,53.1020 ,25.0000 ,26.7360 ,21.0000 ,1.9862 ,1.1905 ,51.8780 ,29.0000 ,49.6580 ,29.0000 ,0.9770 ,1.1600 ,1.8573 ,1.3810 ,0.5260 ,0.8400 
Endothelial,Tumor_2,45.6740 ,19.0000 ,69.8170 ,38.0000 ,0.6542 ,0.5000 ,25.9630 ,16.0000 ,65.6020 ,31.0000 ,0.5684 ,0.8421 ,0.9396 ,0.8158 ,0.6050 ,1.0323 
Endothelial,pDCs,63.7330 ,24.0000 ,81.9860 ,25.0000 ,0.7774 ,0.9600 ,50.9080 ,22.0000 ,83.8390 ,34.0000 ,0.7988 ,0.9167 ,1.0226 ,1.3600 ,0.7811 ,0.6740 
Macrophages,B_cells,246.5710 ,9.0000 ,173.8760 ,15.0000 ,1.4181 ,0.6000 ,390.8290 ,15.0000 ,364.5960 ,12.0000 ,1.5851 ,1.6667 ,2.0969 ,0.8000 ,0.7559 ,2.0833 
Macrophages,CAFs,364.7410 ,31.0000 ,250.6220 ,27.0000 ,1.4553 ,1.1481 ,425.2460 ,26.0000 ,513.9310 ,29.0000 ,1.1659 ,0.8387 ,2.0506 ,1.0741 ,0.5686 ,0.7809 
Macrophages,CD4_T_cells,310.5310 ,22.0000 ,184.1910 ,20.0000 ,1.6859 ,1.1000 ,277.6850 ,12.0000 ,421.8950 ,22.0000 ,0.8942 ,0.5455 ,2.2905 ,1.1000 ,0.3904 ,0.4959 
Macrophages,CD8_act_T_cells,202.8320 ,18.0000 ,191.9040 ,18.0000 ,1.0569 ,1.0000 ,278.5160 ,10.0000 ,427.1440 ,20.0000 ,1.3731 ,0.5556 ,2.2258 ,1.1111 ,0.6169 ,0.5000 
Macrophages,CD8_ex_T_cells,282.4610 ,22.0000 ,236.6400 ,24.0000 ,1.1936 ,0.9167 ,272.4920 ,18.0000 ,517.3160 ,26.0000 ,0.9647 ,0.8182 ,2.1861 ,1.0833 ,0.4413 ,0.7552 
Macrophages,CD8_mem_T_cells,286.7650 ,23.0000 ,185.3240 ,22.0000 ,1.5474 ,1.0455 ,291.7530 ,13.0000 ,372.9170 ,19.0000 ,1.0174 ,0.5652 ,2.0122 ,0.8636 ,0.5056 ,0.6545 
Macrophages,DCs,407.8630 ,24.0000 ,263.4310 ,25.0000 ,1.5483 ,0.9600 ,425.0910 ,16.0000 ,552.6550 ,20.0000 ,1.0422 ,0.6667 ,2.0979 ,0.8000 ,0.4968 ,0.8333 
Macrophages,Endothelial,402.7800 ,22.0000 ,299.8650 ,34.0000 ,1.3432 ,0.6471 ,393.8520 ,23.0000 ,541.1600 ,29.0000 ,0.9778 ,1.0455 ,1.8047 ,0.8529 ,0.5418 ,1.2257 
Macrophages,Macrophages,403.3280 ,30.0000 ,286.4060 ,36.0000 ,1.4082 ,0.8333 ,420.5120 ,23.0000 ,608.4140 ,25.0000 ,1.0426 ,0.7667 ,2.1243 ,0.6944 ,0.4908 ,1.1040 
Macrophages,Melanocytes,353.1510 ,22.0000 ,267.4180 ,24.0000 ,1.3206 ,0.9167 ,287.3610 ,18.0000 ,507.9440 ,17.0000 ,0.8137 ,0.8182 ,1.8994 ,0.7083 ,0.4284 ,1.1551 
Macrophages,Myofibroblasts,349.1510 ,22.0000 ,209.5380 ,29.0000 ,1.6663 ,0.7586 ,362.0340 ,14.0000 ,501.1220 ,24.0000 ,1.0369 ,0.6364 ,2.3916 ,0.8276 ,0.4336 ,0.7689 
Macrophages,NK_cells,260.0540 ,14.0000 ,192.6770 ,20.0000 ,1.3497 ,0.7000 ,296.8560 ,17.0000 ,392.3340 ,21.0000 ,1.1415 ,1.2143 ,2.0362 ,1.0500 ,0.5606 ,1.1565 
Macrophages,Plasma_cells,265.6240 ,11.0000 ,123.8040 ,8.0000 ,2.1455 ,1.3750 ,260.8990 ,12.0000 ,320.9470 ,5.0000 ,0.9822 ,1.0909 ,2.5924 ,0.6250 ,0.3789 ,1.7455 
Macrophages,Tcell_prolif,271.6860 ,21.0000 ,206.0160 ,29.0000 ,1.3188 ,0.7241 ,281.7780 ,21.0000 ,375.6670 ,22.0000 ,1.0371 ,1.0000 ,1.8235 ,0.7586 ,0.5688 ,1.3182 
Macrophages,Tregs,255.7390 ,19.0000 ,164.4650 ,17.0000 ,1.5550 ,1.1176 ,268.3130 ,15.0000 ,360.6120 ,24.0000 ,1.0492 ,0.7895 ,2.1926 ,1.4118 ,0.4785 ,0.5592 
Macrophages,Tumor_1,427.5050 ,31.0000 ,283.9690 ,18.0000 ,1.5055 ,1.7222 ,473.5360 ,22.0000 ,579.1910 ,14.0000 ,1.1077 ,0.7097 ,2.0396 ,0.7778 ,0.5431 ,0.9124 
Macrophages,Tumor_2,449.3240 ,23.0000 ,320.0870 ,33.0000 ,1.4038 ,0.6970 ,457.5290 ,16.0000 ,577.8110 ,22.0000 ,1.0183 ,0.6957 ,1.8052 ,0.6667 ,0.5641 ,1.0435 
Macrophages,pDCs,382.6020 ,28.0000 ,263.2220 ,29.0000 ,1.4535 ,0.9655 ,416.0220 ,21.0000 ,621.3950 ,31.0000 ,1.0873 ,0.7500 ,2.3607 ,1.0690 ,0.4606 ,0.7016 
Melanocytes,B_cells,20.2760 ,6.0000 ,17.1760 ,9.0000 ,1.1805 ,0.6667 ,18.4960 ,11.0000 ,13.1160 ,5.0000 ,0.9122 ,1.8333 ,0.7636 ,0.5556 ,1.1946 ,3.3000 
Melanocytes,CAFs,39.7380 ,19.0000 ,28.9560 ,19.0000 ,1.3724 ,1.0000 ,44.4810 ,26.0000 ,23.3790 ,17.0000 ,1.1194 ,1.3684 ,0.8074 ,0.8947 ,1.3864 ,1.5294 
Melanocytes,CD4_T_cells,20.2470 ,6.0000 ,16.1520 ,8.0000 ,1.2535 ,0.7500 ,16.0590 ,8.0000 ,16.2120 ,7.0000 ,0.7932 ,1.3333 ,1.0037 ,0.8750 ,0.7902 ,1.5238 
Melanocytes,CD8_act_T_cells,20.3970 ,6.0000 ,14.8970 ,8.0000 ,1.3692 ,0.7500 ,23.1320 ,12.0000 ,19.2070 ,11.0000 ,1.1341 ,2.0000 ,1.2893 ,1.3750 ,0.8796 ,1.4545 
Melanocytes,CD8_ex_T_cells,17.0550 ,3.0000 ,18.2400 ,10.0000 ,0.9350 ,0.3000 ,28.5450 ,14.0000 ,15.1200 ,7.0000 ,1.6737 ,4.6667 ,0.8289 ,0.7000 ,2.0191 ,6.6667 
Melanocytes,CD8_mem_T_cells,23.8800 ,9.0000 ,15.4730 ,8.0000 ,1.5433 ,1.1250 ,21.3270 ,13.0000 ,13.6340 ,6.0000 ,0.8931 ,1.4444 ,0.8811 ,0.7500 ,1.0136 ,1.9259 
Melanocytes,DCs,26.3730 ,8.0000 ,17.9420 ,13.0000 ,1.4699 ,0.6154 ,20.2550 ,13.0000 ,10.5170 ,6.0000 ,0.7680 ,1.6250 ,0.5862 ,0.4615 ,1.3102 ,3.5208 
Melanocytes,Endothelial,50.2310 ,12.0000 ,59.0300 ,24.0000 ,0.8509 ,0.5000 ,47.2310 ,24.0000 ,53.3740 ,25.0000 ,0.9403 ,2.0000 ,0.9042 ,1.0417 ,1.0399 ,1.9200 
Melanocytes,Macrophages,62.7240 ,18.0000 ,37.8110 ,16.0000 ,1.6589 ,1.1250 ,74.1640 ,23.0000 ,36.1810 ,13.0000 ,1.1824 ,1.2778 ,0.9569 ,0.8125 ,1.2357 ,1.5726 
Melanocytes,Melanocytes,25.6840 ,11.0000 ,18.9920 ,13.0000 ,1.3524 ,0.8462 ,22.5410 ,16.0000 ,13.1330 ,11.0000 ,0.8776 ,1.4545 ,0.6915 ,0.8462 ,1.2692 ,1.7190 
Melanocytes,Myofibroblasts,29.9870 ,15.0000 ,28.0440 ,19.0000 ,1.0693 ,0.7895 ,22.1320 ,15.0000 ,24.3660 ,16.0000 ,0.7381 ,1.0000 ,0.8688 ,0.8421 ,0.8495 ,1.1875 
Melanocytes,NK_cells,36.4720 ,9.0000 ,41.0260 ,16.0000 ,0.8890 ,0.5625 ,40.4390 ,20.0000 ,25.7710 ,10.0000 ,1.1088 ,2.2222 ,0.6282 ,0.6250 ,1.7651 ,3.5556 
Melanocytes,Plasma_cells,14.6020 ,5.0000 ,9.1760 ,6.0000 ,1.5913 ,0.8333 ,21.7080 ,11.0000 ,6.1300 ,2.0000 ,1.4866 ,2.2000 ,0.6680 ,0.3333 ,2.2254 ,6.6000 
Melanocytes,Tcell_prolif,22.2200 ,7.0000 ,13.2320 ,9.0000 ,1.6793 ,0.7778 ,17.5220 ,12.0000 ,11.8550 ,7.0000 ,0.7886 ,1.7143 ,0.8959 ,0.7778 ,0.8802 ,2.2041 
Melanocytes,Tregs,24.8960 ,7.0000 ,18.2020 ,8.0000 ,1.3678 ,0.8750 ,24.3610 ,12.0000 ,16.2690 ,6.0000 ,0.9785 ,1.7143 ,0.8938 ,0.7500 ,1.0948 ,2.2857 
Melanocytes,Tumor_1,24.7210 ,16.0000 ,17.7570 ,16.0000 ,1.3922 ,1.0000 ,24.8370 ,18.0000 ,13.2790 ,19.0000 ,1.0047 ,1.1250 ,0.7478 ,1.1875 ,1.3435 ,0.9474 
Melanocytes,Tumor_2,31.1840 ,16.0000 ,29.1670 ,17.0000 ,1.0692 ,0.9412 ,18.1200 ,11.0000 ,21.9460 ,19.0000 ,0.5811 ,0.6875 ,0.7524 ,1.1176 ,0.7723 ,0.6151 
Melanocytes,pDCs,21.6330 ,11.0000 ,25.4080 ,13.0000 ,0.8514 ,0.8462 ,35.2660 ,18.0000 ,26.8170 ,11.0000 ,1.6302 ,1.6364 ,1.0555 ,0.8462 ,1.5445 ,1.9339 
Myofibroblasts,B_cells,20.2970 ,7.0000 ,22.4210 ,9.0000 ,0.9053 ,0.7778 ,23.1970 ,8.0000 ,22.9670 ,9.0000 ,1.1429 ,1.1429 ,1.0244 ,1.0000 ,1.1157 ,1.1429 
Myofibroblasts,CAFs,101.1160 ,44.0000 ,151.5720 ,36.0000 ,0.6671 ,1.2222 ,276.4630 ,53.0000 ,125.7550 ,33.0000 ,2.7341 ,1.2045 ,0.8297 ,0.9167 ,3.2954 ,1.3140 
Myofibroblasts,CD4_T_cells,20.5740 ,7.0000 ,31.7900 ,12.0000 ,0.6472 ,0.5833 ,24.2180 ,7.0000 ,30.1430 ,13.0000 ,1.1771 ,1.0000 ,0.9482 ,1.0833 ,1.2414 ,0.9231 
Myofibroblasts,CD8_act_T_cells,36.7090 ,8.0000 ,28.2750 ,8.0000 ,1.2983 ,1.0000 ,36.7760 ,9.0000 ,33.4360 ,15.0000 ,1.0018 ,1.1250 ,1.1825 ,1.8750 ,0.8472 ,0.6000 
Myofibroblasts,CD8_ex_T_cells,27.1740 ,7.0000 ,38.0810 ,16.0000 ,0.7136 ,0.4375 ,23.6800 ,7.0000 ,23.9430 ,11.0000 ,0.8714 ,1.0000 ,0.6287 ,0.6875 ,1.3860 ,1.4545 
Myofibroblasts,CD8_mem_T_cells,41.4850 ,11.0000 ,35.8580 ,13.0000 ,1.1569 ,0.8462 ,137.4690 ,23.0000 ,24.3680 ,11.0000 ,3.3137 ,2.0909 ,0.6796 ,0.8462 ,4.8762 ,2.4711 
Myofibroblasts,DCs,17.7350 ,10.0000 ,23.3010 ,12.0000 ,0.7611 ,0.8333 ,28.6580 ,10.0000 ,23.2510 ,11.0000 ,1.6159 ,1.0000 ,0.9979 ,0.9167 ,1.6194 ,1.0909 
Myofibroblasts,Endothelial,44.1820 ,10.0000 ,309.1120 ,65.0000 ,0.1429 ,0.1538 ,163.7660 ,34.0000 ,157.0710 ,39.0000 ,3.7066 ,3.4000 ,0.5081 ,0.6000 ,7.2945 ,5.6667 
Myofibroblasts,Macrophages,40.0650 ,20.0000 ,38.4660 ,20.0000 ,1.0416 ,1.0000 ,108.7690 ,27.0000 ,42.1850 ,19.0000 ,2.7148 ,1.3500 ,1.0967 ,0.9500 ,2.4755 ,1.4211 
Myofibroblasts,Melanocytes,13.4640 ,12.0000 ,20.7920 ,13.0000 ,0.6476 ,0.9231 ,35.2570 ,12.0000 ,22.4100 ,14.0000 ,2.6186 ,1.0000 ,1.0778 ,1.0769 ,2.4295 ,0.9286 
Myofibroblasts,Myofibroblasts,58.4550 ,28.0000 ,165.6550 ,42.0000 ,0.3529 ,0.6667 ,155.6540 ,28.0000 ,144.3240 ,36.0000 ,2.6628 ,1.0000 ,0.8712 ,0.8571 ,3.0564 ,1.1667 
Myofibroblasts,NK_cells,44.3770 ,10.0000 ,182.0930 ,39.0000 ,0.2437 ,0.2564 ,186.4830 ,33.0000 ,37.3150 ,14.0000 ,4.2022 ,3.3000 ,0.2049 ,0.3590 ,20.5065 ,9.1929 
Myofibroblasts,Plasma_cells,19.4040 ,7.0000 ,4.6810 ,5.0000 ,4.1453 ,1.4000 ,26.5170 ,7.0000 ,3.6700 ,4.0000 ,1.3666 ,1.0000 ,0.7840 ,0.8000 ,1.7430 ,1.2500 
Myofibroblasts,Tcell_prolif,56.8100 ,21.0000 ,32.3090 ,15.0000 ,1.7583 ,1.4000 ,31.4610 ,11.0000 ,26.8320 ,12.0000 ,0.5538 ,0.5238 ,0.8305 ,0.8000 ,0.6668 ,0.6548 
Myofibroblasts,Tregs,17.8700 ,5.0000 ,20.7690 ,7.0000 ,0.8604 ,0.7143 ,27.8750 ,8.0000 ,26.7160 ,11.0000 ,1.5599 ,1.6000 ,1.2863 ,1.5714 ,1.2126 ,1.0182 
Myofibroblasts,Tumor_1,27.2280 ,19.0000 ,30.3010 ,17.0000 ,0.8986 ,1.1176 ,186.9470 ,39.0000 ,127.9090 ,32.0000 ,6.8660 ,2.0526 ,4.2213 ,1.8824 ,1.6265 ,1.0905 
Myofibroblasts,Tumor_2,78.0750 ,29.0000 ,174.3280 ,38.0000 ,0.4479 ,0.7632 ,40.3520 ,15.0000 ,129.8160 ,32.0000 ,0.5168 ,0.5172 ,0.7447 ,0.8421 ,0.6941 ,0.6142 
Myofibroblasts,pDCs,32.4390 ,13.0000 ,36.2890 ,17.0000 ,0.8939 ,0.7647 ,37.4340 ,14.0000 ,31.3540 ,16.0000 ,1.1540 ,1.0769 ,0.8640 ,0.9412 ,1.3356 ,1.1442 
NK_cells,B_cells,23.5260 ,6.0000 ,56.9350 ,11.0000 ,0.4132 ,0.5455 ,67.7560 ,11.0000 ,63.0890 ,9.0000 ,2.8800 ,1.8333 ,1.1081 ,0.8182 ,2.5991 ,2.2407 
NK_cells,CAFs,15.2660 ,9.0000 ,44.9230 ,11.0000 ,0.3398 ,0.8182 ,48.2410 ,12.0000 ,41.2050 ,10.0000 ,3.1600 ,1.3333 ,0.9172 ,0.9091 ,3.4452 ,1.4667 
NK_cells,CD4_T_cells,19.9350 ,8.0000 ,33.8020 ,9.0000 ,0.5898 ,0.8889 ,27.7190 ,7.0000 ,43.5720 ,9.0000 ,1.3905 ,0.8750 ,1.2890 ,1.0000 ,1.0787 ,0.8750 
NK_cells,CD8_act_T_cells,28.7070 ,7.0000 ,30.2330 ,7.0000 ,0.9495 ,1.0000 ,41.1180 ,10.0000 ,42.8860 ,8.0000 ,1.4323 ,1.4286 ,1.4185 ,1.1429 ,1.0097 ,1.2500 
NK_cells,CD8_ex_T_cells,39.2680 ,10.0000 ,51.5810 ,12.0000 ,0.7613 ,0.8333 ,57.6860 ,14.0000 ,42.9950 ,11.0000 ,1.4690 ,1.4000 ,0.8335 ,0.9167 ,1.7624 ,1.5273 
NK_cells,CD8_mem_T_cells,30.6150 ,7.0000 ,49.0400 ,11.0000 ,0.6243 ,0.6364 ,45.2540 ,9.0000 ,38.0300 ,10.0000 ,1.4782 ,1.2857 ,0.7755 ,0.9091 ,1.9061 ,1.4143 
NK_cells,DCs,24.2250 ,9.0000 ,50.2850 ,12.0000 ,0.4818 ,0.7500 ,46.6000 ,12.0000 ,35.2760 ,12.0000 ,1.9236 ,1.3333 ,0.7015 ,1.0000 ,2.7421 ,1.3333 
NK_cells,Endothelial,64.2360 ,12.0000 ,90.9470 ,17.0000 ,0.7063 ,0.7059 ,93.0710 ,16.0000 ,102.9860 ,16.0000 ,1.4489 ,1.3333 ,1.1324 ,0.9412 ,1.2795 ,1.4167 
NK_cells,Macrophages,35.5440 ,15.0000 ,51.2750 ,15.0000 ,0.6932 ,1.0000 ,39.8250 ,7.0000 ,27.1440 ,10.0000 ,1.1204 ,0.4667 ,0.5294 ,0.6667 ,2.1165 ,0.7000 
NK_cells,Melanocytes,25.3360 ,10.0000 ,58.2290 ,13.0000 ,0.4351 ,0.7692 ,40.5360 ,7.0000 ,42.5630 ,9.0000 ,1.5999 ,0.7000 ,0.7310 ,0.6923 ,2.1888 ,1.0111 
NK_cells,Myofibroblasts,27.9420 ,9.0000 ,64.3720 ,15.0000 ,0.4341 ,0.6000 ,62.1650 ,9.0000 ,41.3180 ,8.0000 ,2.2248 ,1.0000 ,0.6419 ,0.5333 ,3.4661 ,1.8750 
NK_cells,NK_cells,49.0710 ,13.0000 ,84.7160 ,16.0000 ,0.5792 ,0.8125 ,45.3010 ,12.0000 ,77.3170 ,14.0000 ,0.9232 ,0.9231 ,0.9127 ,0.8750 ,1.0115 ,1.0549 
NK_cells,Plasma_cells,9.6280 ,4.0000 ,30.9220 ,4.0000 ,0.3114 ,1.0000 ,33.0210 ,7.0000 ,28.7290 ,3.0000 ,3.4297 ,1.7500 ,0.9291 ,0.7500 ,3.6915 ,2.3333 
NK_cells,Tcell_prolif,22.9880 ,9.0000 ,54.2960 ,13.0000 ,0.4234 ,0.6923 ,56.4270 ,14.0000 ,100.9130 ,18.0000 ,2.4546 ,1.5556 ,1.8586 ,1.3846 ,1.3207 ,1.1235 
NK_cells,Tregs,39.3910 ,9.0000 ,51.3950 ,10.0000 ,0.7664 ,0.9000 ,53.5410 ,11.0000 ,59.5950 ,12.0000 ,1.3592 ,1.2222 ,1.1595 ,1.2000 ,1.1722 ,1.0185 
NK_cells,Tumor_1,34.9520 ,7.0000 ,36.0650 ,6.0000 ,0.9691 ,1.1667 ,45.6190 ,8.0000 ,38.0320 ,7.0000 ,1.3052 ,1.1429 ,1.0545 ,1.1667 ,1.2377 ,0.9796 
NK_cells,Tumor_2,16.5480 ,5.0000 ,47.6220 ,12.0000 ,0.3475 ,0.4167 ,40.2100 ,6.0000 ,48.2430 ,11.0000 ,2.4299 ,1.2000 ,1.0130 ,0.9167 ,2.3986 ,1.3091 
NK_cells,pDCs,30.7490 ,16.0000 ,58.4520 ,14.0000 ,0.5261 ,1.1429 ,51.7870 ,12.0000 ,61.7790 ,15.0000 ,1.6842 ,0.7500 ,1.0569 ,1.0714 ,1.5935 ,0.7000 
Plasma_cells,B_cells,3.2040 ,2.0000 ,1.4380 ,1.0000 ,2.2281 ,2.0000 ,12.8920 ,4.0000 ,1.5100 ,1.0000 ,4.0237 ,2.0000 ,1.0501 ,1.0000 ,3.8319 ,2.0000 
Plasma_cells,CAFs,4.1590 ,3.0000 ,2.7340 ,1.0000 ,1.5212 ,3.0000 ,19.7820 ,5.0000 ,1.5250 ,2.0000 ,4.7564 ,1.6667 ,0.5578 ,2.0000 ,8.5273 ,0.8333 
Plasma_cells,CD4_T_cells,2.8220 ,2.0000 ,3.6320 ,3.0000 ,0.7770 ,0.6667 ,9.4640 ,3.0000 ,5.5080 ,5.0000 ,3.3536 ,1.5000 ,1.5165 ,1.6667 ,2.2114 ,0.9000 
Plasma_cells,CD8_act_T_cells,0.0000 ,0.0000 ,2.9870 ,3.0000 ,0.0000 ,0.0000 ,9.3230 ,3.0000 ,3.7110 ,2.0000 ,1.0000 ,1.0000 ,1.2424 ,0.6667 ,1.0000 ,1.0000 
Plasma_cells,CD8_ex_T_cells,10.5020 ,5.0000 ,5.7080 ,4.0000 ,1.8399 ,1.2500 ,12.9490 ,5.0000 ,4.4220 ,3.0000 ,1.2330 ,1.0000 ,0.7747 ,0.7500 ,1.5916 ,1.3333 
Plasma_cells,CD8_mem_T_cells,2.8960 ,1.0000 ,4.3700 ,3.0000 ,0.6627 ,0.3333 ,9.4960 ,3.0000 ,2.7150 ,1.0000 ,3.2790 ,3.0000 ,0.6213 ,0.3333 ,5.2778 ,9.0000 
Plasma_cells,DCs,6.5840 ,2.0000 ,7.8960 ,3.0000 ,0.8338 ,0.6667 ,41.4280 ,9.0000 ,11.2650 ,3.0000 ,6.2922 ,4.5000 ,1.4267 ,1.0000 ,4.4104 ,4.5000 
Plasma_cells,Endothelial,13.6730 ,3.0000 ,8.7710 ,3.0000 ,1.5589 ,1.0000 ,20.9400 ,9.0000 ,10.6810 ,5.0000 ,1.5315 ,3.0000 ,1.2178 ,1.6667 ,1.2576 ,1.8000 
Plasma_cells,Macrophages,3.5790 ,4.0000 ,4.3470 ,4.0000 ,0.8233 ,1.0000 ,20.6270 ,10.0000 ,5.0010 ,3.0000 ,5.7633 ,2.5000 ,1.1504 ,0.7500 ,5.0096 ,3.3333 
Plasma_cells,Melanocytes,2.5880 ,3.0000 ,0.7050 ,2.0000 ,3.6709 ,1.5000 ,9.0320 ,6.0000 ,1.1180 ,3.0000 ,3.4900 ,2.0000 ,1.5858 ,1.5000 ,2.2007 ,1.3333 
Plasma_cells,Myofibroblasts,3.1970 ,2.0000 ,3.7730 ,3.0000 ,0.8473 ,0.6667 ,9.9550 ,4.0000 ,2.7160 ,3.0000 ,3.1139 ,2.0000 ,0.7199 ,1.0000 ,4.3257 ,2.0000 
Plasma_cells,NK_cells,6.2770 ,2.0000 ,12.4100 ,6.0000 ,0.5058 ,0.3333 ,11.5100 ,6.0000 ,6.4640 ,3.0000 ,1.8337 ,3.0000 ,0.5209 ,0.5000 ,3.5204 ,6.0000 
Plasma_cells,Plasma_cells,0.1180 ,1.0000 ,2.6440 ,4.0000 ,0.0446 ,0.2500 ,11.0970 ,5.0000 ,3.1980 ,4.0000 ,94.0424 ,5.0000 ,1.2095 ,1.0000 ,77.7511 ,5.0000 
Plasma_cells,Tcell_prolif,1.1310 ,1.0000 ,4.2700 ,4.0000 ,0.2649 ,0.2500 ,10.4790 ,6.0000 ,3.9960 ,4.0000 ,9.2653 ,6.0000 ,0.9358 ,1.0000 ,9.9006 ,6.0000 
Plasma_cells,Tregs,3.6170 ,2.0000 ,4.9930 ,4.0000 ,0.7244 ,0.5000 ,9.4690 ,2.0000 ,4.2430 ,4.0000 ,2.6179 ,1.0000 ,0.8498 ,1.0000 ,3.0807 ,1.0000 
Plasma_cells,Tumor_1,0.7590 ,1.0000 ,1.3010 ,2.0000 ,0.5834 ,0.5000 ,2.8620 ,6.0000 ,1.8800 ,3.0000 ,3.7708 ,6.0000 ,1.4450 ,1.5000 ,2.6094 ,4.0000 
Plasma_cells,Tumor_2,0.0000 ,0.0000 ,7.3010 ,3.0000 ,0.0000 ,0.0000 ,2.1510 ,2.0000 ,4.8230 ,4.0000 ,1.0000 ,1.0000 ,0.6606 ,1.3333 ,1.0000 ,1.0000 
Plasma_cells,pDCs,8.6480 ,5.0000 ,7.3200 ,3.0000 ,1.1814 ,1.6667 ,12.9780 ,6.0000 ,9.9370 ,6.0000 ,1.5007 ,1.2000 ,1.3575 ,2.0000 ,1.1055 ,0.6000 
Tcell_prolif,B_cells,27.3780 ,7.0000 ,17.7300 ,8.0000 ,1.5442 ,0.8750 ,67.0970 ,14.0000 ,23.3090 ,12.0000 ,2.4508 ,2.0000 ,1.3147 ,1.5000 ,1.8642 ,1.3333 
Tcell_prolif,CAFs,49.6960 ,6.0000 ,24.8980 ,16.0000 ,1.9960 ,0.3750 ,58.3220 ,14.0000 ,25.5960 ,9.0000 ,1.1736 ,2.3333 ,1.0280 ,0.5625 ,1.1416 ,4.1481 
Tcell_prolif,CD4_T_cells,23.5840 ,8.0000 ,21.6500 ,9.0000 ,1.0893 ,0.8889 ,23.9180 ,8.0000 ,20.8240 ,9.0000 ,1.0142 ,1.0000 ,0.9618 ,1.0000 ,1.0544 ,1.0000 
Tcell_prolif,CD8_act_T_cells,17.2630 ,5.0000 ,20.6230 ,9.0000 ,0.8371 ,0.5556 ,21.3720 ,9.0000 ,21.4670 ,11.0000 ,1.2380 ,1.8000 ,1.0409 ,1.2222 ,1.1893 ,1.4727 
Tcell_prolif,CD8_ex_T_cells,26.6720 ,8.0000 ,25.2980 ,12.0000 ,1.0543 ,0.6667 ,34.0850 ,12.0000 ,24.5530 ,11.0000 ,1.2779 ,1.5000 ,0.9706 ,0.9167 ,1.3167 ,1.6364 
Tcell_prolif,CD8_mem_T_cells,25.2710 ,7.0000 ,28.3980 ,12.0000 ,0.8899 ,0.5833 ,30.5390 ,11.0000 ,21.1890 ,9.0000 ,1.2085 ,1.5714 ,0.7461 ,0.7500 ,1.6196 ,2.0952 
Tcell_prolif,DCs,81.8130 ,18.0000 ,57.7220 ,22.0000 ,1.4174 ,0.8182 ,71.6740 ,23.0000 ,62.0570 ,20.0000 ,0.8761 ,1.2778 ,1.0751 ,0.9091 ,0.8149 ,1.4056 
Tcell_prolif,Endothelial,79.2060 ,12.0000 ,42.5140 ,24.0000 ,1.8631 ,0.5000 ,64.3100 ,15.0000 ,44.2450 ,20.0000 ,0.8119 ,1.2500 ,1.0407 ,0.8333 ,0.7802 ,1.5000 
Tcell_prolif,Macrophages,76.1800 ,17.0000 ,62.3820 ,22.0000 ,1.2212 ,0.7727 ,71.7750 ,19.0000 ,39.4880 ,17.0000 ,0.9422 ,1.1176 ,0.6330 ,0.7727 ,1.4884 ,1.4464 
Tcell_prolif,Melanocytes,50.3150 ,9.0000 ,19.2300 ,8.0000 ,2.6165 ,1.1250 ,48.0240 ,8.0000 ,16.1690 ,8.0000 ,0.9545 ,0.8889 ,0.8408 ,1.0000 ,1.1352 ,0.8889 
Tcell_prolif,Myofibroblasts,41.3010 ,5.0000 ,18.4430 ,13.0000 ,2.2394 ,0.3846 ,61.2110 ,14.0000 ,11.5920 ,6.0000 ,1.4821 ,2.8000 ,0.6285 ,0.4615 ,2.3580 ,6.0667 
Tcell_prolif,NK_cells,31.4340 ,9.0000 ,29.0510 ,17.0000 ,1.0820 ,0.5294 ,40.0710 ,14.0000 ,24.7720 ,9.0000 ,1.2748 ,1.5556 ,0.8527 ,0.5294 ,1.4950 ,2.9383 
Tcell_prolif,Plasma_cells,40.6200 ,5.0000 ,9.1510 ,4.0000 ,4.4389 ,1.2500 ,44.6450 ,9.0000 ,9.8720 ,4.0000 ,1.0991 ,1.8000 ,1.0788 ,1.0000 ,1.0188 ,1.8000 
Tcell_prolif,Tcell_prolif,54.5800 ,9.0000 ,22.5740 ,13.0000 ,2.4178 ,0.6923 ,59.3470 ,17.0000 ,17.8990 ,8.0000 ,1.0873 ,1.8889 ,0.7929 ,0.6154 ,1.3713 ,3.0694 
Tcell_prolif,Tregs,30.2790 ,7.0000 ,26.7880 ,11.0000 ,1.1303 ,0.6364 ,27.3200 ,10.0000 ,20.7060 ,9.0000 ,0.9023 ,1.4286 ,0.7730 ,0.8182 ,1.1673 ,1.7460 
Tcell_prolif,Tumor_1,38.6010 ,6.0000 ,16.2100 ,9.0000 ,2.3813 ,0.6667 ,34.2990 ,7.0000 ,6.6960 ,5.0000 ,0.8886 ,1.1667 ,0.4131 ,0.5556 ,2.1510 ,2.1000 
Tcell_prolif,Tumor_2,1.3790 ,2.0000 ,16.1490 ,11.0000 ,0.0854 ,0.1818 ,42.5570 ,6.0000 ,10.8190 ,7.0000 ,30.8608 ,3.0000 ,0.6699 ,0.6364 ,46.0644 ,4.7143 
Tcell_prolif,pDCs,20.4910 ,11.0000 ,27.6550 ,14.0000 ,0.7410 ,0.7857 ,59.7390 ,15.0000 ,20.3540 ,10.0000 ,2.9154 ,1.3636 ,0.7360 ,0.7143 ,3.9611 ,1.9091 
Tregs,B_cells,17.2690 ,4.0000 ,33.7520 ,5.0000 ,0.5116 ,0.8000 ,63.1450 ,9.0000 ,64.4330 ,13.0000 ,3.6566 ,2.2500 ,1.9090 ,2.6000 ,1.9154 ,0.8654 
Tregs,CAFs,50.5530 ,8.0000 ,32.3550 ,6.0000 ,1.5624 ,1.3333 ,56.7040 ,7.0000 ,48.3100 ,13.0000 ,1.1217 ,0.8750 ,1.4931 ,2.1667 ,0.7512 ,0.4038 
Tregs,CD4_T_cells,10.3010 ,5.0000 ,8.8540 ,4.0000 ,1.1634 ,1.2500 ,7.2840 ,2.0000 ,19.4190 ,10.0000 ,0.7071 ,0.4000 ,2.1932 ,2.5000 ,0.3224 ,0.1600 
Tregs,CD8_act_T_cells,7.3550 ,4.0000 ,8.0810 ,5.0000 ,0.9102 ,0.8000 ,8.9540 ,5.0000 ,33.0140 ,11.0000 ,1.2174 ,1.2500 ,4.0854 ,2.2000 ,0.2980 ,0.5682 
Tregs,CD8_ex_T_cells,19.9990 ,6.0000 ,11.8860 ,6.0000 ,1.6826 ,1.0000 ,12.4360 ,5.0000 ,30.1920 ,12.0000 ,0.6218 ,0.8333 ,2.5401 ,2.0000 ,0.2448 ,0.4167 
Tregs,CD8_mem_T_cells,15.0460 ,7.0000 ,12.9490 ,7.0000 ,1.1619 ,1.0000 ,9.8760 ,3.0000 ,14.2900 ,6.0000 ,0.6564 ,0.4286 ,1.1036 ,0.8571 ,0.5948 ,0.5000 
Tregs,DCs,85.0070 ,17.0000 ,78.7270 ,17.0000 ,1.0798 ,1.0000 ,75.3410 ,20.0000 ,69.9930 ,20.0000 ,0.8863 ,1.1765 ,0.8891 ,1.1765 ,0.9969 ,1.0000 
Tregs,Endothelial,57.9180 ,7.0000 ,47.4700 ,10.0000 ,1.2201 ,0.7000 ,66.0760 ,11.0000 ,65.5660 ,17.0000 ,1.1409 ,1.5714 ,1.3812 ,1.7000 ,0.8260 ,0.9244 
Tregs,Macrophages,78.7770 ,16.0000 ,41.0650 ,14.0000 ,1.9183 ,1.1429 ,66.9220 ,13.0000 ,50.2090 ,20.0000 ,0.8495 ,0.8125 ,1.2227 ,1.4286 ,0.6948 ,0.5688 
Tregs,Melanocytes,49.5410 ,8.0000 ,36.3720 ,7.0000 ,1.3621 ,1.1429 ,48.1170 ,7.0000 ,50.0600 ,11.0000 ,0.9713 ,0.8750 ,1.3763 ,1.5714 ,0.7057 ,0.5568 
Tregs,Myofibroblasts,39.9250 ,5.0000 ,30.9980 ,6.0000 ,1.2880 ,0.8333 ,44.7250 ,6.0000 ,44.6420 ,13.0000 ,1.1202 ,1.2000 ,1.4402 ,2.1667 ,0.7778 ,0.5538 
Tregs,NK_cells,33.4870 ,7.0000 ,58.3220 ,12.0000 ,0.5742 ,0.5833 ,40.0730 ,9.0000 ,67.7890 ,12.0000 ,1.1967 ,1.2857 ,1.1623 ,1.0000 ,1.0296 ,1.2857 
Tregs,Plasma_cells,48.7240 ,7.0000 ,29.0120 ,5.0000 ,1.6794 ,1.4000 ,54.1430 ,10.0000 ,39.5570 ,6.0000 ,1.1112 ,1.4286 ,1.3635 ,1.2000 ,0.8150 ,1.1905 
Tregs,Tcell_prolif,58.2320 ,10.0000 ,39.6280 ,9.0000 ,1.4695 ,1.1111 ,52.4370 ,8.0000 ,48.1290 ,10.0000 ,0.9005 ,0.8000 ,1.2145 ,1.1111 ,0.7414 ,0.7200 
Tregs,Tregs,13.9640 ,5.0000 ,13.8560 ,6.0000 ,1.0078 ,0.8333 ,17.9320 ,6.0000 ,30.8490 ,12.0000 ,1.2842 ,1.2000 ,2.2264 ,2.0000 ,0.5768 ,0.6000 
Tregs,Tumor_1,42.0620 ,5.0000 ,34.0900 ,5.0000 ,1.2339 ,1.0000 ,44.4920 ,6.0000 ,42.1960 ,9.0000 ,1.0578 ,1.2000 ,1.2378 ,1.8000 ,0.8546 ,0.6667 
Tregs,Tumor_2,11.9580 ,4.0000 ,40.8460 ,8.0000 ,0.2928 ,0.5000 ,59.0770 ,8.0000 ,57.1050 ,16.0000 ,4.9404 ,2.0000 ,1.3981 ,2.0000 ,3.5337 ,1.0000 
Tregs,pDCs,28.1530 ,13.0000 ,53.9790 ,14.0000 ,0.5216 ,0.9286 ,64.3810 ,14.0000 ,68.8180 ,22.0000 ,2.2868 ,1.0769 ,1.2749 ,1.5714 ,1.7937 ,0.6853 
Tumor_1,B_cells,12.7950 ,3.0000 ,8.8270 ,7.0000 ,1.4495 ,0.4286 ,24.0060 ,9.0000 ,11.7210 ,6.0000 ,1.8762 ,3.0000 ,1.3279 ,0.8571 ,1.4130 ,3.5000 
Tumor_1,CAFs,58.4590 ,47.0000 ,41.6810 ,32.0000 ,1.4025 ,1.4688 ,47.8420 ,39.0000 ,46.6900 ,33.0000 ,0.8184 ,0.8298 ,1.1202 ,1.0313 ,0.7306 ,0.8046 
Tumor_1,CD4_T_cells,17.2890 ,8.0000 ,18.2180 ,12.0000 ,0.9490 ,0.6667 ,12.1920 ,7.0000 ,16.5420 ,10.0000 ,0.7052 ,0.8750 ,0.9080 ,0.8333 ,0.7766 ,1.0500 
Tumor_1,CD8_act_T_cells,17.2110 ,9.0000 ,12.7690 ,9.0000 ,1.3479 ,1.0000 ,20.3800 ,14.0000 ,21.7890 ,13.0000 ,1.1841 ,1.5556 ,1.7064 ,1.4444 ,0.6939 ,1.0769 
Tumor_1,CD8_ex_T_cells,23.2560 ,10.0000 ,22.1380 ,14.0000 ,1.0505 ,0.7143 ,25.3430 ,17.0000 ,20.3410 ,11.0000 ,1.0897 ,1.7000 ,0.9188 ,0.7857 ,1.1860 ,2.1636 
Tumor_1,CD8_mem_T_cells,23.9930 ,15.0000 ,19.0820 ,12.0000 ,1.2574 ,1.2500 ,27.4420 ,24.0000 ,15.2250 ,9.0000 ,1.1438 ,1.6000 ,0.7979 ,0.7500 ,1.4335 ,2.1333 
Tumor_1,DCs,25.0980 ,13.0000 ,21.8560 ,12.0000 ,1.1483 ,1.0833 ,30.0470 ,10.0000 ,20.4250 ,10.0000 ,1.1972 ,0.7692 ,0.9345 ,0.8333 ,1.2811 ,0.9231 
Tumor_1,Endothelial,40.3490 ,17.0000 ,53.6510 ,40.0000 ,0.7521 ,0.4250 ,44.3540 ,35.0000 ,53.1220 ,28.0000 ,1.0993 ,2.0588 ,0.9901 ,0.7000 ,1.1102 ,2.9412 
Tumor_1,Macrophages,31.9780 ,18.0000 ,27.4360 ,16.0000 ,1.1655 ,1.1250 ,27.5220 ,16.0000 ,20.6070 ,12.0000 ,0.8607 ,0.8889 ,0.7511 ,0.7500 ,1.1459 ,1.1852 
Tumor_1,Melanocytes,33.5630 ,15.0000 ,19.5590 ,12.0000 ,1.7160 ,1.2500 ,19.7850 ,11.0000 ,24.8470 ,16.0000 ,0.5895 ,0.7333 ,1.2704 ,1.3333 ,0.4640 ,0.5500 
Tumor_1,Myofibroblasts,37.3740 ,30.0000 ,51.7200 ,37.0000 ,0.7226 ,0.8108 ,38.7780 ,25.0000 ,46.1490 ,28.0000 ,1.0376 ,0.8333 ,0.8923 ,0.7568 ,1.1628 ,1.1012 
Tumor_1,NK_cells,30.9640 ,12.0000 ,33.5060 ,20.0000 ,0.9241 ,0.6000 ,27.1820 ,23.0000 ,22.5360 ,12.0000 ,0.8779 ,1.9167 ,0.6726 ,0.6000 ,1.3052 ,3.1944 
Tumor_1,Plasma_cells,8.9620 ,3.0000 ,3.4470 ,3.0000 ,2.5999 ,1.0000 ,20.8880 ,11.0000 ,8.3530 ,4.0000 ,2.3307 ,3.6667 ,2.4233 ,1.3333 ,0.9618 ,2.7500 
Tumor_1,Tcell_prolif,27.2040 ,20.0000 ,29.7880 ,21.0000 ,0.9133 ,0.9524 ,26.8600 ,22.0000 ,20.7830 ,10.0000 ,0.9874 ,1.1000 ,0.6977 ,0.4762 ,1.4152 ,2.3100 
Tumor_1,Tregs,17.1010 ,8.0000 ,15.1410 ,7.0000 ,1.1294 ,1.1429 ,22.8500 ,13.0000 ,20.3020 ,10.0000 ,1.3362 ,1.6250 ,1.3409 ,1.4286 ,0.9965 ,1.1375 
Tumor_1,Tumor_1,34.3120 ,31.0000 ,31.2610 ,29.0000 ,1.0976 ,1.0690 ,33.7210 ,41.0000 ,35.7910 ,35.0000 ,0.9828 ,1.3226 ,1.1449 ,1.2069 ,0.8584 ,1.0959 
Tumor_1,Tumor_2,38.7330 ,36.0000 ,65.9570 ,38.0000 ,0.5872 ,0.9474 ,37.9040 ,30.0000 ,39.3920 ,33.0000 ,0.9786 ,0.8333 ,0.5972 ,0.8684 ,1.6385 ,0.9596 
Tumor_1,pDCs,20.5730 ,13.0000 ,33.6470 ,17.0000 ,0.6114 ,0.7647 ,25.0200 ,17.0000 ,30.8910 ,18.0000 ,1.2162 ,1.3077 ,0.9181 ,1.0588 ,1.3247 ,1.2350 
Tumor_2,B_cells,21.6400 ,6.0000 ,18.6330 ,8.0000 ,1.1614 ,0.7500 ,18.0820 ,6.0000 ,16.9570 ,8.0000 ,0.8356 ,1.0000 ,0.9101 ,1.0000 ,0.9182 ,1.0000 
Tumor_2,CAFs,25.2630 ,16.0000 ,32.5700 ,21.0000 ,0.7757 ,0.7619 ,44.3670 ,21.0000 ,26.7930 ,18.0000 ,1.7562 ,1.3125 ,0.8226 ,0.8571 ,2.1349 ,1.5313 
Tumor_2,CD4_T_cells,20.3780 ,8.0000 ,29.5130 ,16.0000 ,0.6905 ,0.5000 ,14.6710 ,5.0000 ,15.4850 ,12.0000 ,0.7199 ,0.6250 ,0.5247 ,0.7500 ,1.3721 ,0.8333 
Tumor_2,CD8_act_T_cells,23.9910 ,9.0000 ,23.9890 ,11.0000 ,1.0001 ,0.8182 ,17.8360 ,8.0000 ,17.3510 ,12.0000 ,0.7434 ,0.8889 ,0.7233 ,1.0909 ,1.0279 ,0.8148 
Tumor_2,CD8_ex_T_cells,27.8700 ,10.0000 ,32.7320 ,20.0000 ,0.8515 ,0.5000 ,28.7980 ,11.0000 ,21.9060 ,13.0000 ,1.0333 ,1.1000 ,0.6693 ,0.6500 ,1.5440 ,1.6923 
Tumor_2,CD8_mem_T_cells,23.9340 ,10.0000 ,24.0160 ,13.0000 ,0.9966 ,0.7692 ,23.2590 ,15.0000 ,15.9940 ,12.0000 ,0.9718 ,1.5000 ,0.6660 ,0.9231 ,1.4592 ,1.6250 
Tumor_2,DCs,29.5360 ,13.0000 ,23.3830 ,12.0000 ,1.2631 ,1.0833 ,11.7960 ,5.0000 ,22.8850 ,12.0000 ,0.3994 ,0.3846 ,0.9787 ,1.0000 ,0.4081 ,0.3846 
Tumor_2,Endothelial,39.8700 ,18.0000 ,53.7260 ,41.0000 ,0.7421 ,0.4390 ,41.6720 ,27.0000 ,56.3330 ,33.0000 ,1.0452 ,1.5000 ,1.0485 ,0.8049 ,0.9968 ,1.8636 
Tumor_2,Macrophages,125.9240 ,25.0000 ,219.6090 ,28.0000 ,0.5734 ,0.8929 ,19.8900 ,11.0000 ,64.7810 ,20.0000 ,0.1580 ,0.4400 ,0.2950 ,0.7143 ,0.5355 ,0.6160 
Tumor_2,Melanocytes,29.1540 ,13.0000 ,18.6620 ,9.0000 ,1.5622 ,1.4444 ,26.7000 ,10.0000 ,16.6010 ,10.0000 ,0.9158 ,0.7692 ,0.8896 ,1.1111 ,1.0295 ,0.6923 
Tumor_2,Myofibroblasts,28.5840 ,16.0000 ,39.8720 ,24.0000 ,0.7169 ,0.6667 ,28.4750 ,15.0000 ,29.2740 ,18.0000 ,0.9962 ,0.9375 ,0.7342 ,0.7500 ,1.3568 ,1.2500 
Tumor_2,NK_cells,35.1770 ,11.0000 ,48.6190 ,26.0000 ,0.7235 ,0.4231 ,20.8170 ,14.0000 ,21.5000 ,15.0000 ,0.5918 ,1.2727 ,0.4422 ,0.5769 ,1.3382 ,2.2061 
Tumor_2,Plasma_cells,14.7950 ,7.0000 ,1.9390 ,1.0000 ,7.6302 ,7.0000 ,11.5300 ,4.0000 ,3.7020 ,2.0000 ,0.7793 ,0.5714 ,1.9092 ,2.0000 ,0.4082 ,0.2857 
Tumor_2,Tcell_prolif,32.4650 ,14.0000 ,32.8700 ,17.0000 ,0.9877 ,0.8235 ,22.2860 ,10.0000 ,22.1550 ,14.0000 ,0.6865 ,0.7143 ,0.6740 ,0.8235 ,1.0185 ,0.8673 
Tumor_2,Tregs,14.9750 ,7.0000 ,21.6800 ,12.0000 ,0.6907 ,0.5833 ,36.2710 ,11.0000 ,28.3550 ,15.0000 ,2.4221 ,1.5714 ,1.3079 ,1.2500 ,1.8519 ,1.2571 
Tumor_2,Tumor_1,34.7600 ,25.0000 ,29.8900 ,22.0000 ,1.1629 ,1.1364 ,18.9830 ,20.0000 ,30.1590 ,28.0000 ,0.5461 ,0.8000 ,1.0090 ,1.2727 ,0.5412 ,0.6286 
Tumor_2,Tumor_2,35.9820 ,24.0000 ,62.0260 ,32.0000 ,0.5801 ,0.7500 ,25.9160 ,20.0000 ,36.3280 ,29.0000 ,0.7202 ,0.8333 ,0.5857 ,0.9063 ,1.2297 ,0.9195 
Tumor_2,pDCs,25.3750 ,12.0000 ,38.6210 ,18.0000 ,0.6570 ,0.6667 ,20.0050 ,11.0000 ,29.4570 ,16.0000 ,0.7884 ,0.9167 ,0.7627 ,0.8889 ,1.0336 ,1.0313 
pDCs,B_cells,191.9980 ,5.0000 ,191.2150 ,8.0000 ,1.0041 ,0.6250 ,315.9310 ,9.0000 ,219.1070 ,7.0000 ,1.6455 ,1.8000 ,1.1459 ,0.8750 ,1.4360 ,2.0571 
pDCs,CAFs,307.7390 ,18.0000 ,301.7910 ,21.0000 ,1.0197 ,0.8571 ,335.8330 ,17.0000 ,342.1800 ,19.0000 ,1.0913 ,0.9444 ,1.1338 ,0.9048 ,0.9625 ,1.0439 
pDCs,CD4_T_cells,206.3540 ,9.0000 ,193.7060 ,11.0000 ,1.0653 ,0.8182 ,214.4610 ,8.0000 ,228.7480 ,13.0000 ,1.0393 ,0.8889 ,1.1809 ,1.1818 ,0.8801 ,0.7521 
pDCs,CD8_act_T_cells,116.8080 ,9.0000 ,206.6960 ,13.0000 ,0.5651 ,0.6923 ,227.3780 ,7.0000 ,242.7240 ,14.0000 ,1.9466 ,0.7778 ,1.1743 ,1.0769 ,1.6577 ,0.7222 
pDCs,CD8_ex_T_cells,199.6810 ,9.0000 ,290.1570 ,16.0000 ,0.6882 ,0.5625 ,224.0150 ,11.0000 ,342.9100 ,16.0000 ,1.1219 ,1.2222 ,1.1818 ,1.0000 ,0.9493 ,1.2222 
pDCs,CD8_mem_T_cells,203.0770 ,10.0000 ,200.1970 ,13.0000 ,1.0144 ,0.7692 ,219.3920 ,10.0000 ,231.4260 ,13.0000 ,1.0803 ,1.0000 ,1.1560 ,1.0000 ,0.9346 ,1.0000 
pDCs,DCs,310.1150 ,12.0000 ,315.9910 ,20.0000 ,0.9814 ,0.6000 ,359.7770 ,14.0000 ,374.7830 ,21.0000 ,1.1601 ,1.1667 ,1.1861 ,1.0500 ,0.9781 ,1.1111 
pDCs,Endothelial,303.1270 ,12.0000 ,296.5020 ,20.0000 ,1.0223 ,0.6000 ,326.6650 ,13.0000 ,348.4870 ,17.0000 ,1.0777 ,1.0833 ,1.1753 ,0.8500 ,0.9169 ,1.2745 
pDCs,Macrophages,317.8410 ,17.0000 ,318.7260 ,22.0000 ,0.9972 ,0.7727 ,342.7260 ,18.0000 ,351.7220 ,18.0000 ,1.0783 ,1.0588 ,1.1035 ,0.8182 ,0.9771 ,1.2941 
pDCs,Melanocytes,301.0800 ,11.0000 ,293.4950 ,13.0000 ,1.0258 ,0.8462 ,223.5260 ,12.0000 ,339.7940 ,12.0000 ,0.7424 ,1.0909 ,1.1578 ,0.9231 ,0.6413 ,1.1818 
pDCs,Myofibroblasts,295.5420 ,12.0000 ,295.8070 ,19.0000 ,0.9991 ,0.6316 ,319.4390 ,11.0000 ,339.5810 ,17.0000 ,1.0809 ,0.9167 ,1.1480 ,0.8947 ,0.9415 ,1.0245 
pDCs,NK_cells,216.1720 ,11.0000 ,210.0390 ,15.0000 ,1.0292 ,0.7333 ,237.8650 ,16.0000 ,239.7960 ,14.0000 ,1.1004 ,1.4545 ,1.1417 ,0.9333 ,0.9638 ,1.5584 
pDCs,Plasma_cells,201.5380 ,7.0000 ,187.0140 ,7.0000 ,1.0777 ,1.0000 ,208.2590 ,3.0000 ,217.4030 ,6.0000 ,1.0333 ,0.4286 ,1.1625 ,0.8571 ,0.8889 ,0.5000 
pDCs,Tcell_prolif,205.4300 ,15.0000 ,198.8730 ,14.0000 ,1.0330 ,1.0714 ,216.7700 ,11.0000 ,233.0110 ,15.0000 ,1.0552 ,0.7333 ,1.1717 ,1.0714 ,0.9006 ,0.6844 
pDCs,Tregs,201.9880 ,9.0000 ,200.2620 ,12.0000 ,1.0086 ,0.7500 ,222.7120 ,9.0000 ,233.0650 ,15.0000 ,1.1026 ,1.0000 ,1.1638 ,1.2500 ,0.9474 ,0.8000 
pDCs,Tumor_1,295.5030 ,12.0000 ,292.3840 ,11.0000 ,1.0107 ,1.0909 ,314.0030 ,11.0000 ,330.2900 ,11.0000 ,1.0626 ,0.9167 ,1.1296 ,1.0000 ,0.9407 ,0.9167 
pDCs,Tumor_2,301.6990 ,9.0000 ,302.3890 ,16.0000 ,0.9977 ,0.5625 ,327.5800 ,10.0000 ,342.4440 ,16.0000 ,1.0858 ,1.1111 ,1.1325 ,1.0000 ,0.9588 ,1.1111 
pDCs,pDCs,312.6900 ,18.0000 ,318.8190 ,20.0000 ,0.9808 ,0.9000 ,338.8830 ,17.0000 ,359.8910 ,19.0000 ,1.0838 ,0.9444 ,1.1288 ,0.9500 ,0.9601 ,0.9942 
